<?xml version="1.0" encoding="UTF-8"?>
<project-private xmlns="http://www.netbeans.org/ns/project-private/1">
    <editor-bookmarks xmlns="http://www.netbeans.org/ns/editor-bookmarks/2" lastBookmarkId="0"/>
    <open-files xmlns="http://www.netbeans.org/ns/projectui-open-files/2">
        <group>
            <file>file:/C:/wamp/www/NIM/index.html</file>
            <file>file:/C:/wamp/www/NIM/js/common.js</file>
            <file>file:/C:/wamp/www/NIM/css/color/yellow.css</file>
            <file>file:/C:/wamp/www/NIM/css/style.css</file>
            <file>file:/C:/wamp/www/NIM/css/responsive.css</file>
        </group>
    </open-files>
</project-private>
